Column 1,Column 2
SportThe Invictus quandary: is sport the best way to rehabilitate the war-wounded?,SportThe Invictus quandary: is sport the best way to rehabilitate the war-wounded?
Stranger thingsBread in Ukraine: why a loaf means life,Stranger thingsBread in Ukraine: why a loaf means life
EyewitnessBodies by the pool: how one nursing home in Bucha survived the Russian invasion,EyewitnessBodies by the pool: how one nursing home in Bucha survived the Russian invasion
"EyewitnessThe war-life balance: working, flirting and feeding Ukraine’s refugees","EyewitnessThe war-life balance: working, flirting and feeding Ukraine’s refugees"
EyewitnessAn American’s search for meaning in Ukraine’s foreign legion,EyewitnessAn American’s search for meaning in Ukraine’s foreign legion
EyewitnessA month in Kyiv: soldiers’ funerals and looters tied to lampposts,EyewitnessA month in Kyiv: soldiers’ funerals and looters tied to lampposts
EspionageThe violinist of Lutsk: a Ukrainian spy story,EspionageThe violinist of Lutsk: a Ukrainian spy story
IdentityWhat Vladimir Putin misunderstood about Ukrainians,IdentityWhat Vladimir Putin misunderstood about Ukrainians
EyewitnessThe Robin Hood of Odessa,EyewitnessThe Robin Hood of Odessa
Ukraine“I see their faces”: a saboteur hunter in Kyiv remembers his victims,Ukraine“I see their faces”: a saboteur hunter in Kyiv remembers his victims
EyewitnessIn the war room with Volodymyr Zelensky,EyewitnessIn the war room with Volodymyr Zelensky
Eyewitness“It sounded like a cork popping. Then the shrieking began.” A survivor of the Mariupol theatre bombing speaks,Eyewitness“It sounded like a cork popping. Then the shrieking began.” A survivor of the Mariupol theatre bombing speaks
Eyewitness“A library is more powerful than Putin’s aeroplanes”,Eyewitness“A library is more powerful than Putin’s aeroplanes”
EyewitnessUkraine’s mayors are leading from the front,EyewitnessUkraine’s mayors are leading from the front
"Eyewitness“Like the Middle Ages, only with bombs”: inside the sieges of Mariupol and Kharkiv","Eyewitness“Like the Middle Ages, only with bombs”: inside the sieges of Mariupol and Kharkiv"
UkraineExodus: the four kinds of Ukrainian refugee,UkraineExodus: the four kinds of Ukrainian refugee
Eyewitness“I’ll stay until Putin’s dead or the war is over”: the Americans fighting for Ukraine,Eyewitness“I’ll stay until Putin’s dead or the war is over”: the Americans fighting for Ukraine
EyewitnessCappuccinos and Kalashnikovs: war comes to Lviv,EyewitnessCappuccinos and Kalashnikovs: war comes to Lviv
EyewitnessThe battle for Irpin,EyewitnessThe battle for Irpin
EyewitnessFighters with Ukraine’s foreign legion are being asked to sign indefinite contracts. Some have refused,EyewitnessFighters with Ukraine’s foreign legion are being asked to sign indefinite contracts. Some have refused
EyewitnessThis Ukrainian hacker is spreading chaos in Russia,EyewitnessThis Ukrainian hacker is spreading chaos in Russia
EyewitnessLove in the time of Putin: the Russian activists who married on invasion day,EyewitnessLove in the time of Putin: the Russian activists who married on invasion day
UkraineTo catch a saboteur: Ukraine on edge,UkraineTo catch a saboteur: Ukraine on edge
EyewitnessHow the last Jews of Bila Tserkva escaped Putin’s army,EyewitnessHow the last Jews of Bila Tserkva escaped Putin’s army
UkraineHow to wreck a tank with a Molotov cocktail: on patrol with Ukraine’s volunteer army,UkraineHow to wreck a tank with a Molotov cocktail: on patrol with Ukraine’s volunteer army
"EyewitnessIn a hospital basement in Kyiv, medics work through the shelling","EyewitnessIn a hospital basement in Kyiv, medics work through the shelling"
"Ukraine diasporaGrief, rage, anxiety: voices from Brighton Beach, New York’s “Russian” neighbourhood","Ukraine diasporaGrief, rage, anxiety: voices from Brighton Beach, New York’s “Russian” neighbourhood"
French electionEmmanuel Macron’s charm offensive,French electionEmmanuel Macron’s charm offensive
EyewitnessA brief history of Ukrainian heroes,EyewitnessA brief history of Ukrainian heroes
Eyewitness“Svoboda! Liberté! Freedom!”: the great flight from Ukraine to Poland,Eyewitness“Svoboda! Liberté! Freedom!”: the great flight from Ukraine to Poland
EyewitnessMeatball soup and Molotov cocktails: a dispatch from Ukraine,EyewitnessMeatball soup and Molotov cocktails: a dispatch from Ukraine
"EyewitnessThe Blitz, but with smartphones","EyewitnessThe Blitz, but with smartphones"
"UkraineEscape from Kyiv: car crashes, Humvees and a forgotten cat","UkraineEscape from Kyiv: car crashes, Humvees and a forgotten cat"
Ukraine“When do we get our weapons?”: Kyiv under siege,Ukraine“When do we get our weapons?”: Kyiv under siege
EyewitnessLast borscht in Kyiv,EyewitnessLast borscht in Kyiv
"Stranger thingsI’ve lost socks, a hand-sewn rabbit – and trust","Stranger thingsI’ve lost socks, a hand-sewn rabbit – and trust"
EnvironmentFighting fire with fire: can Aboriginal knowledge save the world from burning?,EnvironmentFighting fire with fire: can Aboriginal knowledge save the world from burning?
FertilityTinder drove me to freeze my eggs,FertilityTinder drove me to freeze my eggs
"Valentine’s DayLove triangles, from King Arthur to Beyoncé","Valentine’s DayLove triangles, from King Arthur to Beyoncé"
Eyewitness“Many young women will go to defend Ukraine now”,Eyewitness“Many young women will go to defend Ukraine now”
Winter OlympicsCold warrior: why Eileen Gu ditched Team USA to ski for China,Winter OlympicsCold warrior: why Eileen Gu ditched Team USA to ski for China
Winter OlympicsCan the Winter Olympics survive on a warming planet?,Winter OlympicsCan the Winter Olympics survive on a warming planet?
Eyewitness“I found my parents’ remains in their burnt-out car.” Voices from the streets of Kazakhstan,Eyewitness“I found my parents’ remains in their burnt-out car.” Voices from the streets of Kazakhstan
"Booze-upsIll-timed parties, from Belshazzar to Boris","Booze-upsIll-timed parties, from Belshazzar to Boris"
KazakhstanFrom a Birkin bag to bitcoin: Kazakhstan’s protests in six objects,KazakhstanFrom a Birkin bag to bitcoin: Kazakhstan’s protests in six objects
"Eyewitness“We’re the idiots, now”: a California doctor on his unvaccinated colleagues","Eyewitness“We’re the idiots, now”: a California doctor on his unvaccinated colleagues"
AmericaCapitol riot: “America was on the edge of disaster long before Trump”,AmericaCapitol riot: “America was on the edge of disaster long before Trump”
Stranger thingsNew year’s resolutions are pointless,Stranger thingsNew year’s resolutions are pointless
"ResolutionsNew year, new you? History’s best transformations","ResolutionsNew year, new you? History’s best transformations"
Stranger thingsI can’t bear to get out of bed,Stranger thingsI can’t bear to get out of bed
Eyewitness: ChinaI live in a zero-covid world,Eyewitness: ChinaI live in a zero-covid world
BusinessThe Dubai debt trap,BusinessThe Dubai debt trap
"Eyewitness: AfghanistanAs winter closes in on Afghanistan, a 12-year-old tries to save his family","Eyewitness: AfghanistanAs winter closes in on Afghanistan, a 12-year-old tries to save his family"
Eyewitness: HaitiAmericans treated us like animals. Then they deported us to Haiti,Eyewitness: HaitiAmericans treated us like animals. Then they deported us to Haiti
The politics of presentsStuck for gift ideas? Mao bought Nixon two pandas,The politics of presentsStuck for gift ideas? Mao bought Nixon two pandas
Eyewitness: ChileHow a Pokémon character is rewriting Chile’s future,Eyewitness: ChileHow a Pokémon character is rewriting Chile’s future
PrisonsCan you ever escape the American prison system?,PrisonsCan you ever escape the American prison system?
"ShortagesSuffering from shortages? How to survive without puppies, fake tan or IKEA","ShortagesSuffering from shortages? How to survive without puppies, fake tan or IKEA"
"ShortagesNo chips, no problem: why old video games are better than new ones","ShortagesNo chips, no problem: why old video games are better than new ones"
ShortagesDesperately seeking shoe rack: why IKEA’s shelves are bare,ShortagesDesperately seeking shoe rack: why IKEA’s shelves are bare
ShortagesDognapped! How a puppy shortage created a crimewave,ShortagesDognapped! How a puppy shortage created a crimewave
WildlifeWhat’s it like to be a bird?,WildlifeWhat’s it like to be a bird?
Eyewitness: EthiopiaEthiopia’s civil war: one man’s journey from entrepreneur to militant,Eyewitness: EthiopiaEthiopia’s civil war: one man’s journey from entrepreneur to militant
Climate activismThe pipeline saboteurs,Climate activismThe pipeline saboteurs
Eyewitness: RussiaArrested in my pyjamas: I became a Russian political prisoner at 23,Eyewitness: RussiaArrested in my pyjamas: I became a Russian political prisoner at 23
DiplomacyCOP it like it’s hot: meetings that changed the world,DiplomacyCOP it like it’s hot: meetings that changed the world
Childish thingsOur kids always lose stuff. Why do we tolerate them destroying the planet?,Childish thingsOur kids always lose stuff. Why do we tolerate them destroying the planet?
EnvironmentSea urchins v kelp: the fight for California’s marine life,EnvironmentSea urchins v kelp: the fight for California’s marine life
Eyewitness: Britain“It’s a wonderful place...a playland.” The Hong Kongers fleeing to Blackpool,Eyewitness: Britain“It’s a wonderful place...a playland.” The Hong Kongers fleeing to Blackpool
Eyewitness: AfghanistanHow to get 120 Afghans out of Kabul,Eyewitness: AfghanistanHow to get 120 Afghans out of Kabul
CashBillions of banknotes are missing. Why does nobody care?,CashBillions of banknotes are missing. Why does nobody care?
"BusinessFamily fortunes: Huawei, the Murdochs...OnlyFans?","BusinessFamily fortunes: Huawei, the Murdochs...OnlyFans?"
Eyewitness: Belarus“They can kill us here too”: Belarusian exiles share their fears,Eyewitness: Belarus“They can kill us here too”: Belarusian exiles share their fears
Tax-dodgingStashing the cash: from Ramses II to Imelda Marcos,Tax-dodgingStashing the cash: from Ramses II to Imelda Marcos
FandomThe curious incident of Sherlock Holmes’s real-life secretary,FandomThe curious incident of Sherlock Holmes’s real-life secretary
BusinessSunk costs: business failures from the Titanic to Evergrande,BusinessSunk costs: business failures from the Titanic to Evergrande
Behind the news“Killing informants is cool”: how a Myanmar hipster became a guerrilla fighter,Behind the news“Killing informants is cool”: how a Myanmar hipster became a guerrilla fighter
"BritainPetrol, pints and pasta: meet one of the lorry drivers plugging Britain’s shortages","BritainPetrol, pints and pasta: meet one of the lorry drivers plugging Britain’s shortages"
FlowersGrassroots politics: the secret symbolism of gardens,FlowersGrassroots politics: the secret symbolism of gardens
Behind the newsGermany is not as stable as we think. Just ask its preppers,Behind the newsGermany is not as stable as we think. Just ask its preppers
World in a dishGo nuts: the multilayered history of baklava,World in a dishGo nuts: the multilayered history of baklava
Behind the news“We had never heard of bin Laden. How was this linked to us?”: what 9/11 was like for Afghans,Behind the news“We had never heard of bin Laden. How was this linked to us?”: what 9/11 was like for Afghans
"German election 2021Hard acts to follow, from Angela Merkel to the Queen","German election 2021Hard acts to follow, from Angela Merkel to the Queen"
World in a dishNever order tabbouleh outside Lebanon,World in a dishNever order tabbouleh outside Lebanon
Childish thingsI can’t stand my children’s whingeing. But secretly I admire it,Childish thingsI can’t stand my children’s whingeing. But secretly I admire it
RewindFrom pirates to ransomware: the secret economics of extortion,RewindFrom pirates to ransomware: the secret economics of extortion
Stranger thingsWild swimming is a sham,Stranger thingsWild swimming is a sham
AfghanistanMy family fought alongside the Taliban. But I’m afraid for my friends,AfghanistanMy family fought alongside the Taliban. But I’m afraid for my friends
The 1843 interview“Thinking is fatal!” Playing tennis with Maggi Hambling,The 1843 interview“Thinking is fatal!” Playing tennis with Maggi Hambling
Pitching guidelines,Pitching guidelines
"AfghanistanHiding books, buying burqas: Afghanistan prepares for Taliban rule","AfghanistanHiding books, buying burqas: Afghanistan prepares for Taliban rule"
Brave new wordDungeons and dimples: how to speak K-pop,Brave new wordDungeons and dimples: how to speak K-pop
PsychologyThe perfectionism trap,PsychologyThe perfectionism trap
ManagementWhy Satan should chair your meetings,ManagementWhy Satan should chair your meetings
LebanonMy grandmother’s home survived last year’s blast. Beirut may never recover,LebanonMy grandmother’s home survived last year’s blast. Beirut may never recover
Conspiracy theoriesThe strange case of WhatsApp and the child-kidnappers,Conspiracy theoriesThe strange case of WhatsApp and the child-kidnappers
World in a dishBursting the bubble: how gum lost its cool,World in a dishBursting the bubble: how gum lost its cool
"The state of thingsMy partner, the Dogecoin mogul","The state of thingsMy partner, the Dogecoin mogul"
How we live nowI don’t: my very modern marriage,How we live nowI don’t: my very modern marriage
Brave new wordThe Tokyo Olympics is on. Can you outrun the jargon?,Brave new wordThe Tokyo Olympics is on. Can you outrun the jargon?
OlympicsGoing for bold: Olympic history in eight outfits,OlympicsGoing for bold: Olympic history in eight outfits
OfficesHell is other people: a monk’s guide to office life,OfficesHell is other people: a monk’s guide to office life
Childish thingsI’m a bad parent because I’ve forgotten my own childhood,Childish thingsI’m a bad parent because I’ve forgotten my own childhood
Invasive speciesInsect wars: murder hornets v the American honeybee,Invasive speciesInsect wars: murder hornets v the American honeybee
Northern Ireland“The whole thing’s falling apart.” Northern Ireland’s unhappy birthday,Northern Ireland“The whole thing’s falling apart.” Northern Ireland’s unhappy birthday
World in a dishAmerican fried chicken has its origins in slavery,World in a dishAmerican fried chicken has its origins in slavery
Stranger thingsI’m dreading having friends round for dinner,Stranger thingsI’m dreading having friends round for dinner
RewindThe medieval nuns’ guide to virtual travel,RewindThe medieval nuns’ guide to virtual travel
"FootballOn me head, son: the secret economics of footballers’ hair","FootballOn me head, son: the secret economics of footballers’ hair"
The Line of BeautyLittle red look: 100 years of Chinese Communist Party style,The Line of BeautyLittle red look: 100 years of Chinese Communist Party style
The state of thingsWoke Coke: should the fizzy-drinks giant defend American democracy?,The state of thingsWoke Coke: should the fizzy-drinks giant defend American democracy?
Brand illusionsMarketing Marmite: how an advertising agency started a culture war,Brand illusionsMarketing Marmite: how an advertising agency started a culture war
For goodness’ sakeWhat’s your beef? An ethicist’s guide to giving up meat,For goodness’ sakeWhat’s your beef? An ethicist’s guide to giving up meat
The 1843 interview“Anxious people do well in New York”: night-walking with Lucy Prebble,The 1843 interview“Anxious people do well in New York”: night-walking with Lucy Prebble
World in a cupMilk tea’s colonial roots make it a surprising symbol for activists,World in a cupMilk tea’s colonial roots make it a surprising symbol for activists
Out of timeDon’t save the date! Tokyo 2020 isn’t the only event to take place in the wrong year,Out of timeDon’t save the date! Tokyo 2020 isn’t the only event to take place in the wrong year
Brave new wordPandemic parenting slang: are you a curling dad or a crunchy mom?,Brave new wordPandemic parenting slang: are you a curling dad or a crunchy mom?
Childish thingsI’ve just sent my daughter to nursery school. Have I lost her for ever?,Childish thingsI’ve just sent my daughter to nursery school. Have I lost her for ever?
"World in a dishIn praise of pastrami, the world’s sexiest sandwich","World in a dishIn praise of pastrami, the world’s sexiest sandwich"
Postcard from KolkataCovid has exposed the great fiction of middle-class life in India,Postcard from KolkataCovid has exposed the great fiction of middle-class life in India
The secret economics of hair“I spent thousands on chemical straightening”: the price of having black hair in a white world,The secret economics of hair“I spent thousands on chemical straightening”: the price of having black hair in a white world
Race in AmericaIt was once a KKK stronghold. Last year BLM came to town,Race in AmericaIt was once a KKK stronghold. Last year BLM came to town
"How we live nowWhen it comes to black history, things that sound like conspiracy theories often turn out to be true","How we live nowWhen it comes to black history, things that sound like conspiracy theories often turn out to be true"
"How we live nowFor Americans, black Britain is the last word in cool","How we live nowFor Americans, black Britain is the last word in cool"
Behind the news“The illusion of citizenship has gone”: Israel’s Arabs look to the future,Behind the news“The illusion of citizenship has gone”: Israel’s Arabs look to the future
Brave new wordFrom black hats to zoombombing: your guide to cybercrime and hacking slang,Brave new wordFrom black hats to zoombombing: your guide to cybercrime and hacking slang
How we live nowMy Nextdoor neighbours from hell,How we live nowMy Nextdoor neighbours from hell
Dress codeMy covid epiphany: a year of doing nothing changed everything,Dress codeMy covid epiphany: a year of doing nothing changed everything
World in a dishThe great Hawaiian pizza culture war,World in a dishThe great Hawaiian pizza culture war
Brand illusionsHow the pandemic made fonts friendlier,Brand illusionsHow the pandemic made fonts friendlier
Stranger thingsI can’t wait to get back to normal. How long before I’m bored?,Stranger thingsI can’t wait to get back to normal. How long before I’m bored?
Russia“I've mortally offended Putin by surviving”: why Alexei Navalny keeps fighting,Russia“I've mortally offended Putin by surviving”: why Alexei Navalny keeps fighting
"Behind the newsOut of oxygen, out of time: covid-19 suffocates Kolkata","Behind the newsOut of oxygen, out of time: covid-19 suffocates Kolkata"
RewindDid an avant-garde French artist sell the first NFT?,RewindDid an avant-garde French artist sell the first NFT?
World in a dishAmerica and the taco: an immigrant story,World in a dishAmerica and the taco: an immigrant story
The 1843 interviewIan Rankin: doing a jigsaw is like investigating a murder,The 1843 interviewIan Rankin: doing a jigsaw is like investigating a murder
World in a dishToo hot to handle: the battle over biryani,World in a dishToo hot to handle: the battle over biryani
Childish thingsMy extrovert daughter keeps talking to strangers. It’s making me feel awkward,Childish thingsMy extrovert daughter keeps talking to strangers. It’s making me feel awkward
PoliticsInside Handforth: Jackie Weaver and the battle for England’s soul,PoliticsInside Handforth: Jackie Weaver and the battle for England’s soul
Brand illusionsTony’s Chocolonely: the risks of being a woke brand,Brand illusionsTony’s Chocolonely: the risks of being a woke brand
Brave new wordAre you into productivity porn or yak shaving?,Brave new wordAre you into productivity porn or yak shaving?
FoodA byte to eat: will AI super-tasters disrupt food?,FoodA byte to eat: will AI super-tasters disrupt food?
RewindSend for the orphans: how the smallpox vaccine crossed the globe,RewindSend for the orphans: how the smallpox vaccine crossed the globe
The science of fashionThe geeky origin of your cool sunglasses,The science of fashionThe geeky origin of your cool sunglasses